{"py/object": "rasa_core.featurizers.MaxHistoryTrackerFeaturizer", "max_history": 5, "remove_duplicates": true, "state_featurizer": {"py/object": "rasa_core.featurizers.BinarySingleStateFeaturizer", "input_state_map": {"entity_cuisine": 8, "entity_emailaddress": 11, "entity_location": 7, "entity_pricerange": 9, "entity_sendemail": 10, "intent_affirm": 1, "intent_deny": 2, "intent_emailconfirmation": 6, "intent_goodbye": 3, "intent_greet": 0, "intent_restaurant_search": 5, "intent_thankyou": 4, "prev_action_city": 32, "prev_action_default_fallback": 21, "prev_action_email": 33, "prev_action_listen": 19, "prev_action_restart": 20, "prev_action_restaurant": 31, "prev_utter_ask_cuisine": 27, "prev_utter_ask_emailaddress": 30, "prev_utter_ask_howcanhelp": 25, "prev_utter_ask_location": 26, "prev_utter_ask_price_range": 28, "prev_utter_ask_sendemail": 29, "prev_utter_default": 24, "prev_utter_goodbye": 23, "prev_utter_greet": 22, "slot_city_type_0": 12, "slot_city_type_1": 13, "slot_cuisine_0": 14, "slot_emailaddress_0": 15, "slot_location_0": 16, "slot_pricerange_0": 17, "slot_sendemail_0": 18}, "num_features": 34, "slot_feature_len": 7, "user_feature_len": 12}, "use_intent_probabilities": false}