{
  "action_fingerprints": {
    "action_listen": {
      "slots": [
        "emailaddress",
        "pricerange",
        "sendemail",
        "cuisine",
        "location"
      ]
    },
    "action_city": {
      "slots": [
        "city_type"
      ]
    },
    "utter_goodbye": {
      "slots": []
    }
  },
  "rasa_core": "0.10.1",
  "max_histories": [
    4,
    5
  ],
  "ensemble_name": "rasa_core.policies.ensemble.SimplePolicyEnsemble",
  "policy_names": [
    "rasa_core.policies.memoization.MemoizationPolicy",
    "rasa_core.policies.keras_policy.KerasPolicy"
  ]
}