{
  "chinese": "chinese",
  "chines": "chinese",
  "veggie": "vegetarian",
  "vegg": "vegetarian",
  "amdavad": "ahmedabad",
  "bengaluru": "bangalore",
  "madras": "chennai",
  "old delhi": "delhi",
  "deli": "delhi",
  "calcutta": "kolkata",
  "bombay": "mumbai",
  "prayag": "allahabad",
  "illahabad": "allahabad",
  "prayagraj": "allahabad",
  "belagavi": "belgaum",
  "belgavi": "belgaum",
  "kalaburagi": "gulbarga",
  "gurugram": "gurgaon",
  "gauhati": "guwahati",
  "indhur": "Indore",
  "jubbulpore": "Jabalpur",
  "cannanore": "Kannur",
  "coconada": "Kakinada",
  "kakinandiwada": "Kakinada",
  "cawnpore": "Kanpur",
  "cochin": "Kochi",
  "quilon": "Kollam",
  "calicut": "Kozhikode",
  "mangaluru": "Mangalore",
  "mysuru": "Mysore",
  "new okhla industrial development authority": "Noida",
  "palghat": "Palakkad",
  "puducherry": "Pondicherry",
  "rajamahendravaram": "Rajahmundry",
  "trivandrum": "Thiruvananthapuram",
  "trichur": "Thrissur",
  "nellai": "Tirunelveli",
  "tinnevelly": "Tirunelveli",
  "baroda": "Vadodara",
  "benares": "Varanasi",
  "banaras": "Varanasi",
  "kashi": "Varanasi",
  "bejawada": "Vijayawada",
  "vizag": "Visakhapatnam",
  "waltair": "Visakhapatnam",
  "vizagapatam": "Visakhapatnam",
  "moderate": "mid",
  "four": "4"
}